family,updated_names,taxa,dorsal fin,anterior dorsal fin,posterior dorsal fin,adipose fin,caudal fin,anal fin,pectoral fin,pelvic fin,barbel,mouth,caudal peduncle,caudal fin upper lobe,caudal fin lower lobe,additional annotations?,,,
Acropomatidae,Acropoma hanedai,Acropoma hanedai,1,1,1,0,1,1,1,1,0,1,1,1,1,,,,
Acropomatidae,Acropoma japonicum,Acropoma japonicum,1,1,1,0,1,1,1,1,0,1,1,1,1,,,,
Acropomatidae,Synagrops japonicus,Synagrops japonicus,1,1,1,0,1,1,1,1,0,1,1,1,1,,,,
Acropomatidae,Synagrops philippinensis,Synagrops philippinensis,1,1,1,0,1,1,1,1,0,1,1,1,1,,,,
Alepocephalidae ,Alepocephalus bicolor,Alepocephalus bicolor,1,0,0,0,1,1,1,1,0,1,1,1,1,,,,
Ambassidae,Ambassis gymnocephalus,Ambassis gymnocephalus,1,0,0,0,1,1,1,1,0,1,1,1,1,,,,
Ambassidae,Ambassis miops,Ambassis miops,1,0,0,0,1,1,1,1,0,1,1,1,1,,,,
Amiiformes,Amia calva,Amia calva,1,0,0,0,1,1,1,1,0,1,1,1,1,,,,
Anabantiformes,Channa argus,Channa argus,1,0,0,0,1,1,1,1,0,1,1,1,1,,,,
Anabantiformes,Channa asiatica,Channa asiatica,1,0,0,0,1,1,1,1,0,1,1,1,1,,,,
Anabantiformes,Channa gachua,Channa gachua,1,0,0,0,1,1,1,1,0,1,1,1,1,,,,
Anabantiformes,Channa lucius,Channa lucius,1,0,0,0,1,1,1,1,0,1,1,1,1,,,,
Anabantiformes,Channa marulius,Channa marulius,1,0,0,0,1,1,1,1,0,1,1,1,1,,,,
Anabantiformes,Channa micropeltes,Channa micropeltes,1,0,0,0,1,1,1,1,0,1,1,1,1,,,,
Anabantiformes,Channa punctata,Channa punctata,1,0,0,0,1,1,1,1,0,1,1,1,1,,,,
Anabantiformes,Channa stewartii,Channa stewartii,1,0,0,0,1,1,1,1,0,1,1,1,1,,,,
Anabantiformes,Channa striata,Channa striata,1,0,0,0,1,1,1,1,0,1,1,1,1,,,,
Anguillidae,Anguilla rostrata,Anguilla rostrata,1,0,0,0,1,1,1,0,0,1,1,1,1,,,,
Aphredoderidae,Aphredoderus sayanus,Aphredoderus sayanus,1,0,0,0,1,1,1,1,0,1,1,1,1,,,,
Aploactinidae,Erisphex simplex,Erisphex simplex,1,1,1,0,1,1,1,1,0,1,1,1,1,,,,
Argentinidae,Argentina kagoshimae,Argentina kagoshimae,1,0,0,1,1,1,1,1,0,1,1,1,1,,,,
Argentinidae,Glossanodon semifasciatus,Glossanodon semifasciatus,1,0,0,1,1,1,1,1,0,1,1,1,1,,,,
Aspredinidae,Hoplomyzon sexpapilostoma,Hoplomyzon sexpapilostoma,1,0,0,0,1,1,1,1,1,1,1,1,1,,,,
Ateleopodidae,Ateleopus japonicus,Ateleopus japonicus,1,0,0,0,1,1,1,1,0,1,1,1,1,,,,
Atherinopsidae,Labidesthes sicculus,Labidesthes sicculus,1,0,0,0,1,1,1,1,0,1,1,1,1,,,,
Bleniidae,Scartella cristata,Scartella cristata,1,0,0,0,1,1,1,1,0,1,1,1,1,,,,
Bleniidae,Scartella emarginata,Scartella emarginata,1,0,0,0,1,1,1,1,0,1,1,1,1,,,,
Bleniidae,Scartichthys viridis,Scartichthys viridis,1,0,0,0,1,1,1,1,0,1,1,1,1,,,,
Blenniidae,Alticus anjouanae,Alticus anjouanae,1,0,0,0,1,1,1,1,0,1,1,1,1,,,,
Blenniidae,Alticus arnoldorum,Alticus arnoldorum,1,0,0,0,1,1,1,1,0,1,1,1,1,,,,
Blenniidae,Andamia reyi,Andamia reyi,1,0,0,0,1,1,1,1,0,1,1,1,1,,,,
Blenniidae,Andamia tetradactylus,Andamia tetradactylus,1,0,0,0,1,1,1,1,0,1,1,1,1,,,,
Blenniidae,Atrosalarias holomelas,Atrosalarias holomelas,1,0,0,0,1,1,1,1,0,1,1,1,1,,,,
Blenniidae,Blenniella chrysospilos,Blenniella chrysospilos,1,0,0,0,1,1,1,1,0,1,1,1,1,,,,
Blenniidae,Blenniella gibbifrons,Blenniella gibbifrons,1,0,0,0,1,1,1,1,0,1,1,1,1,,,,
Blenniidae,Chasmodes saburrae,Chasmodes saburrae,1,0,0,0,1,1,1,1,0,1,1,1,1,,,,
Blenniidae,Cirripectes obscurus,Cirripectes obscurus,1,0,0,0,1,1,1,1,0,1,1,1,1,,,,
Blenniidae,Cirripectes variolosus,Cirripectes variolosus,1,0,0,0,1,1,1,1,0,1,1,1,1,,,,
Blenniidae,Crossosalarias macrospilus,Crossosalarias macrospilus,1,0,0,0,1,1,1,1,0,1,1,1,1,,,,
Blenniidae,Ecsenius aroni,Ecsenius aroni,1,0,0,0,1,1,1,1,0,1,1,1,1,,,,
Blenniidae,Ecsenius bicolor,Ecsenius bicolor,1,0,0,0,1,1,1,1,0,1,1,1,1,,,,
Blenniidae,Ecsenius bimaculatus,Ecsenius bimaculatus,1,0,0,0,1,1,1,1,0,1,1,1,1,,,,
Blenniidae,Ecsenius namiyei,Ecsenius namiyei,1,0,0,0,1,1,1,1,0,1,1,1,1,,,,
Blenniidae,Ecsenius opsifrontalis,Ecsenius opsifrontalis,1,0,0,0,1,1,1,1,0,1,1,1,1,,,,
Blenniidae,Ecsenius stictus,Ecsenius stictus,1,0,0,0,1,1,1,1,0,1,1,1,1,,,,
Blenniidae,Entomacrodus marmoratus,Entomacrodus marmoratus,1,0,0,0,1,1,1,1,0,1,1,1,1,,,,
Blenniidae,Entomacrodus sealei,Entomacrodus sealei,1,0,0,0,1,1,1,1,0,1,1,1,1,,,,
Blenniidae,Entomacrodus stellifer,Entomacrodus stellifer,1,0,0,0,1,1,1,1,0,1,1,1,1,,,,
Blenniidae,Entomacrodus striatus,Entomacrodus striatus,1,0,0,0,1,1,1,1,0,1,1,1,1,,,,
Blenniidae,Entomacrodus thalassinus,Entomacrodus thalassinus,1,0,0,0,1,1,1,1,0,1,1,1,1,,,,
Blenniidae,Entomacrodus vermiculatus,Entomacrodus vermiculatus,1,0,0,0,1,1,1,1,0,1,1,1,1,,,,
Blenniidae,Exallias brevis,Exallias brevis,1,0,0,0,1,1,1,1,0,1,1,1,1,,,,
Blenniidae,Glyptoparus delicatulus,Glyptoparus delicatulus,1,0,0,0,1,1,1,1,0,1,1,1,1,,,,
Blenniidae,Hypsoblennius hentz,Hypsoblennius hentz,1,0,0,0,1,1,1,1,0,1,1,1,1,,,,
Blenniidae,Istiblennius lineatus,Istiblennius lineatus,1,0,0,0,1,1,1,1,0,1,1,1,1,,,,
Blenniidae,Istiblennius zebra,Istiblennius zebra,1,0,0,0,1,1,1,1,0,1,1,1,1,,,,
Blenniidae,Lipophrys pholis,Lipophrys pholis,1,0,0,0,1,1,1,1,0,1,1,1,1,,,,
Blenniidae,Meiacanthus atrodorsalis,Meiacanthus atrodorsalis,1,0,0,0,1,1,1,1,0,1,1,1,1,,,,
Blenniidae,Meiacanthus kamoharai,Meiacanthus kamoharai,1,0,0,0,1,1,1,1,0,1,1,1,1,,,,
Blenniidae,Meiacanthus oualanensis,Meiacanthus oualanensis,1,0,0,0,1,1,1,1,0,1,1,1,1,,,,
Blenniidae,Omobranchus banditus,Omobranchus banditus,1,0,0,0,1,1,1,1,0,1,1,1,1,,,,
Blenniidae,Omobranchus elongatus,Omobranchus elongatus,1,0,0,0,1,1,1,1,0,1,1,1,1,,,,
Blenniidae,Omobranchus fasciolatoceps,Omobranchus fasciolatoceps,1,0,0,0,1,1,1,1,0,1,1,1,1,,,,
Blenniidae,Omobranchus germaini,Omobranchus germaini,1,0,0,0,1,1,1,1,0,1,1,1,1,,,,
Blenniidae,Omobranchus loxozonus,Omobranchus loxozonus,1,0,0,0,1,1,1,1,0,1,1,1,1,,,,
Blenniidae,Omobranchus obliquus,Omobranchus obliquus,1,0,0,0,1,1,1,1,0,1,1,1,1,,,,
Blenniidae,Parablennius pilicornis,Parablennius pilicornis,1,0,0,0,1,1,1,1,0,1,1,1,1,,,,
Blenniidae,Parablennius ruber,Parablennius ruber,1,0,0,0,1,1,1,1,0,1,1,1,1,,,,
Blenniidae,Parablennius yatabei,Parablennius yatabei,1,0,0,0,1,1,1,1,0,1,1,1,1,,,,
Blenniidae,Petroscirtes breviceps,Petroscirtes breviceps,1,0,0,0,1,1,1,1,0,1,1,1,1,,,,
Blenniidae,Petroscirtes mitratus,Petroscirtes mitratus,1,0,0,0,1,1,1,1,0,1,1,1,1,,,,
Blenniidae,Plagiotremus rhinorhynchos,Plagiotremus rhinorhynchos,1,0,0,0,1,1,1,1,0,1,1,1,1,,,,
Blenniidae,Plagiotremus tapeinosoma,Plagiotremus tapeinosoma,1,0,0,0,1,1,1,1,0,1,1,1,1,,,,
Blenniidae,Praealticus labrovittatus,Praealticus labrovittatus,1,0,0,0,1,1,1,1,0,1,1,1,1,,,,
Blenniidae,Praealticus margaritarius,Praealticus margaritarius,1,0,0,0,1,1,1,1,0,1,1,1,1,,,,
Blenniidae,Praealticus poptae,Praealticus poptae,1,0,0,0,1,1,1,1,0,1,1,1,1,,,,
Blenniidae,Praealticus striatus,Praealticus striatus,1,0,0,0,1,1,1,1,0,1,1,1,1,,,,
Blenniidae,Praealticus tanegasimae,Praealticus tanegasimae,1,0,0,0,1,1,1,1,0,1,1,1,1,,,,
Blenniidae,Rhabdoblennius nitidus,Rhabdoblennius nitidus,1,0,0,0,1,1,1,1,0,1,1,1,1,,,,
Blenniidae,Rhabdoblennius snowi,Rhabdoblennius snowi,1,0,0,0,1,1,1,1,0,1,1,1,1,,,,
Blenniidae,Salaria pavo,Salaria pavo,1,0,0,0,1,1,1,1,0,1,1,1,1,,,,
Blenniidae,Salarias alboguttatus,Salarias alboguttatus,1,0,0,0,1,1,1,1,0,1,1,1,1,,,,
Blenniidae,Salarias fasciatus,Salarias fasciatus,1,0,0,0,1,1,1,1,0,1,1,1,1,,,,
Blenniidae,Salarias luctuosus,Salarias luctuosus,1,0,0,0,1,1,1,1,0,1,1,1,1,,,,
Blenniidae,Salarias ramosus,Salarias ramosus,1,0,0,0,1,1,1,1,0,1,1,1,1,,,,
Blenniidae,Salarias sinuosus,Salarias sinuosus,1,0,0,0,1,1,1,1,0,1,1,1,1,,,,
Blenniidae,Xiphasia setifer,Xiphasia setifer,1,0,0,0,1,1,1,1,0,1,1,1,1,,,,
Bregmacerotidae,Bregmaceros lanceolatus,Bregmaceros lanceolatus,1,1,1,0,1,1,1,1,0,1,1,1,1,,,,
Callionymidae,Callionymus sagitta,Callionymus sagitta,1,1,1,0,1,1,1,1,0,1,1,1,1,,,,
Carangidae,Alepes djedaba,Alepes djedaba,1,1,1,0,1,1,1,1,0,1,1,1,1,,,,
Carangidae,Caranx sexfasciatus,Caranx sexfasciatus,1,0,0,0,1,1,1,1,0,1,1,1,1,,,,
Carangidae,Naucrates ductor,Naucrates ductor,1,1,1,0,1,1,1,1,0,1,1,1,1,,,,
Carangidae,Scomberoides lysan,Scomberoides lysan,1,0,0,0,1,1,1,1,0,1,1,1,1,anal and caudal finlets,,,
Carangidae,Trachinotus blochii,Trachinotus blochii,1,0,0,0,1,1,1,1,0,1,1,1,1,,,,
Catostomidae,Carpiodes carpio,Carpiodes carpio,1,0,0,0,1,1,1,1,1,1,1,1,1,,,,
Catostomidae,Carpiodes cyprinus,Carpiodes cyprinus,1,0,0,0,1,1,1,1,0,1,1,1,1,,,,
Catostomidae,Carpiodes velifer,Carpiodes velifer,1,0,0,0,1,1,1,1,0,1,1,1,1,,,,
Catostomidae,Catostomus catostomus,Catostomus catostomus,1,0,0,0,1,1,1,1,0,1,1,1,1,,,,
Catostomidae,Catostomus clarkii,Catostomus clarkii,1,0,0,0,1,1,1,1,0,1,1,1,1,,,,
Catostomidae,Catostomus commersonii,Catostomus commersonii,1,0,0,0,1,1,1,1,1,1,1,1,1,,,,
Catostomidae,Erimyzon oblongus,Erimyzon oblongus,1,0,0,0,1,1,1,1,1,1,1,1,1,,,,
Catostomidae,Erimyzon oblongus,Erimyzon oblongus,1,0,0,0,1,1,1,1,1,1,1,1,1,,,,
Catostomidae,Erimyzon sucetta,Erimyzon sucetta,1,0,0,0,1,1,1,1,NA,1,1,1,1,,,,
Catostomidae,Erimyzon tenuis,Erimyzon tenuis,1,0,0,0,1,1,1,1,NA,1,1,1,1,,,,
Catostomidae,Hypentelium etowanum,Hypentelium etowanum,1,0,0,0,1,1,1,1,NA,1,1,1,1,,,,
Catostomidae,Hypentelium nigricans,Hypentelium nigricans,1,0,0,0,1,1,1,1,NA,1,1,1,1,,,,
Catostomidae,Ictiobus bubalus,Ictiobus bubalus,1,0,0,0,1,1,1,1,NA,1,1,1,1,,,,
Catostomidae,Ictiobus cyprinellus,Ictiobus cyprinellus,1,0,0,0,1,1,1,1,NA,1,1,1,1,,,,
Catostomidae,Ictiobus niger,Ictiobus niger,1,0,0,0,1,1,1,1,1,1,1,1,1,,,,
Catostomidae,Minytrema melanops,Minytrema melanops,1,0,0,0,1,1,1,1,0,1,1,1,1,,,,
Catostomidae,Moxostoma anisurum,Moxostoma anisurum,1,0,0,0,1,1,1,1,NA,1,1,1,1,,,,
Catostomidae,Moxostoma breviceps,Moxostoma breviceps,1,0,0,0,1,1,1,1,NA,1,1,1,1,,,,
Catostomidae,Moxostoma carinatum,Moxostoma carinatum,1,0,0,0,1,1,1,1,NA,1,1,1,1,,,,
Catostomidae,Moxostoma duquesnii,Moxostoma duquesnii,1,0,0,0,1,1,1,1,NA,1,1,1,1,,,,
Catostomidae,Moxostoma erythrurum,Moxostoma erythrurum,1,0,0,0,1,1,1,1,NA,1,1,1,1,,,,
Catostomidae,Moxostoma macrolepidotum,Moxostoma macrolepidotum,1,0,0,0,1,1,1,1,NA,1,1,1,1,,,,
Catostomidae,Moxostoma valenciennesi,Moxostoma valenciennesi,1,0,0,0,1,1,1,1,NA,1,1,1,1,,,,
Centrarchidae,Ambloplites cavifrons,Ambloplites cavifrons,1,0,0,0,1,1,1,1,0,1,1,1,1,,,,
Centrarchidae,Ambloplites constellatus,Ambloplites constellatus,1,0,0,0,1,1,1,1,0,1,1,1,1,,,,
Centrarchidae,Centrarchus macropterus,Centrarchus macropterus,1,0,0,0,1,1,1,1,0,1,1,1,1,,,,
Centrarchidae,Enneacanthus chaetodon,Enneacanthus chaetodon,1,0,0,0,1,1,1,1,0,1,1,1,1,,,,
Centrarchidae,Enneacanthus gloriosus,Enneacanthus gloriosus,1,0,0,0,1,1,1,1,0,1,1,1,1,,,,
Centrarchidae,Enneacanthus obesus,Enneacanthus obesus,1,0,0,0,1,1,1,1,0,1,1,1,1,,,,
Centrarchidae,Lepomis auritus,Lepomis auritus,1,0,0,0,1,1,1,1,0,1,1,1,1,,,,
Centrarchidae,Lepomis cyanellus,Lepomis cyanellus,1,0,0,0,1,1,1,1,0,1,1,1,1,,,,
Centrarchidae,Lepomis gibbosus,Lepomis gibbosus,1,0,0,0,1,1,1,1,0,1,1,1,1,,,,
Centrarchidae,Lepomis gulosus,Lepomis gulosus,1,0,0,0,1,1,1,1,0,1,1,1,1,,,,
Centrarchidae,Lepomis humilis,Lepomis humilis,1,0,0,0,1,1,1,1,0,1,1,1,1,,,,
Centrarchidae,Lepomis macrochirus,Lepomis macrochirus,1,0,0,0,1,1,1,1,0,1,1,1,1,,,,
Centrarchidae,Lepomis marginatus,Lepomis marginatus,1,0,0,0,1,1,1,1,1,1,1,1,1,,,,
Centrarchidae,Lepomis megalotis,Lepomis megalotis,1,0,0,0,1,1,1,1,0,1,1,1,1,,,,
Centrarchidae,Lepomis microlophus,Lepomis microlophus,1,0,0,0,1,1,1,1,0,1,1,1,1,,,,
Centrarchidae,Lepomis miniatus,Lepomis miniatus,1,0,0,0,1,1,1,1,0,1,1,1,1,,,,
Centrarchidae,Lepomis punctatus,Lepomis punctatus,1,0,0,0,1,1,1,1,0,1,1,1,1,,,,
Centrarchidae,Lepomis symmetricus,Lepomis symmetricus,1,0,0,0,1,1,1,1,0,1,1,1,1,,,,
Centrarchidae,Micropterus cataractae,Micropterus cataractae,1,0,0,0,1,1,1,1,0,1,1,1,1,,,,
Centrarchidae,Micropterus coosae,Micropterus coosae,1,0,0,0,1,1,1,1,0,1,1,1,1,,,,
Centrarchidae,Micropterus dolomieu,Micropterus dolomieu,1,0,0,0,1,1,1,1,0,1,1,1,1,,,,
Centrarchidae,Micropterus notius,Micropterus notius,1,0,0,0,1,1,1,1,0,1,1,1,1,,,,
Centrarchidae,Micropterus punctulatus,Micropterus punctulatus,1,0,0,0,1,1,1,1,0,1,1,1,1,,,,
Centrarchidae,Micropterus salmoides,Micropterus salmoides,1,0,0,0,1,1,1,1,0,1,1,1,1,,,,
Centrarchidae,Micropterus treculii,Micropterus treculii,1,0,0,0,1,1,1,1,0,1,1,1,1,,,,
Centrarchidae,Pomoxis annularis,Pomoxis annularis,1,0,0,0,1,1,1,1,0,1,1,1,1,,,,
Centrarchidae,Pomoxis nigromaculatus,Pomoxis nigromaculatus,1,0,0,0,1,1,1,1,0,1,1,1,1,,,,
Chaetodontidae,Heniochus acuminatus,Heniochus acuminatus,1,0,0,0,1,1,1,1,0,1,1,1,1,,,,
Champsodontidae,Champsodon snyderi,Champsodon snyderi,1,1,1,0,1,1,1,1,0,1,1,1,1,,,,
Characidae,Triportheus albus,Triportheus albus,1,0,0,1,1,1,1,1,0,1,1,1,1,,,,
Chimaeridae,Hydrolagus mitsukurii,Hydrolagus mitsukurii,1,1,1,0,1,1,1,1,0,1,1,1,1,,,,
Chirocentridae,Chirocentrus dorab,Chirocentrus dorab,1,0,0,0,1,1,1,1,0,1,1,1,1,,,,
Chlorophthalmidae,Chlorophthalmus albatrossis,Chlorophthalmus albatrossis,1,0,0,1,1,1,1,1,0,1,1,1,1,,,,
Chlorophthalmidae,Chlorophthalmus nigromarginatus,Chlorophthalmus nigromarginatus,1,0,0,1,1,1,1,1,0,1,1,1,1,,,,
Clupeidae,Alosa aestivalis,Alosa aestivalis,1,0,0,0,1,1,1,1,0,1,1,1,1,,,,
Clupeidae,Alosa alabamae,Alosa alabamae,1,0,0,0,1,1,1,1,0,1,1,1,1,,,,
Clupeidae,Alosa chrysochloris,Alosa chrysochloris,1,0,0,0,1,1,1,1,0,1,1,1,1,,,,
Clupeidae,Alosa mediocris,Alosa mediocris,1,0,0,0,1,1,1,1,0,1,1,1,1,,,,
Clupeidae,Alosa pseudoharengus,Alosa pseudoharengus,1,0,0,0,1,1,1,1,0,1,1,1,1,,,,
Clupeidae,Alosa sapidissima,Alosa sapidissima,1,0,0,0,1,1,1,1,0,1,1,1,1,,,,
Clupeidae,Anodontostoma chacunda,Anodontostoma chacunda,1,0,0,0,1,1,1,1,0,1,1,1,1,,,,
Clupeidae,Clupeichthys aesarnensis,Clupeichthys aesarnensis,1,0,0,0,1,1,1,1,0,1,1,1,1,,,,
Clupeidae,Clupeoides borneensis,Clupeoides borneensis,1,0,0,0,1,1,1,1,0,1,1,1,1,,,,
Clupeidae,Clupeonella cultriventris,Clupeonella cultriventris,1,0,0,0,1,1,1,1,0,1,1,1,1,,,,
Clupeidae,Corica laciniata,Corica laciniata,1,0,0,0,1,1,1,1,0,1,1,1,1,anal finlet present,,,
Cobitidae,Misgurnus anguillicaudatus,Misgurnus anguillicaudatus,1,0,0,0,1,1,1,1,1,1,1,1,1,,,,
Cobitidae,Misgurnus mizolepis,Misgurnus mizolepis,1,0,0,0,1,1,1,1,1,1,1,1,1,,,,
Cobitidae,Misgurnus nikolskyi,Misgurnus nikolskyi,1,0,0,0,1,1,1,1,1,1,1,1,1,,,,
Cottidae,Cottus aleuticus,Cottus aleuticus,1,1,1,0,1,1,1,1,0,1,1,1,1,,,,
Cottidae,Cottus asper,Cottus asper,1,1,1,0,1,1,1,1,0,1,1,1,1,,,,
Cottidae,Cottus asperrimus,Cottus asperrimus,1,1,1,0,1,1,1,1,0,1,1,1,1,,,,
Cottidae,Cottus baileyi,Cottus baileyi,1,1,1,0,1,1,1,1,0,1,1,1,1,,,,
Cottidae,Cottus bairdii,Cottus bairdii,1,1,1,0,1,1,1,1,0,1,1,1,1,,,,
Cottidae,Cottus beldingii,Cottus beldingii,1,1,1,0,1,1,1,1,0,1,1,1,1,,,,
Cottidae,Cottus carolinae,Cottus carolinae,1,1,1,0,1,1,1,1,0,1,1,1,1,,,,
Cottidae,Cottus cognatus,Cottus cognatus,1,1,1,0,1,1,1,1,0,1,1,1,1,,,,
Cottidae,Cottus confusus,Cottus confusus,1,1,1,0,1,1,1,1,0,1,1,1,1,,,,
Cottidae,Cottus echinatus,Cottus echinatus,1,1,1,0,1,1,1,1,0,1,1,1,1,,,,
Cottidae,Cottus girardi,Cottus girardi,1,1,1,0,1,1,1,1,0,1,1,1,1,,,,
Cottidae,Cottus greenei,Cottus greenei,1,1,1,0,1,1,1,1,0,1,1,1,1,,,,
Cottidae,Cottus gulosus,Cottus gulosus,1,1,1,0,1,1,1,1,0,1,1,1,1,,,,
Cottidae,Cottus hubbsi,Cottus hubbsi,1,1,1,0,1,1,1,1,0,1,1,1,1,,,,
Cottidae,Cottus hypselurus,Cottus hypselurus,1,1,1,0,1,1,1,1,0,1,1,1,1,,,,
Cottidae,Cottus klamathensis,Cottus klamathensis,1,1,1,0,1,1,1,1,0,1,1,1,1,,,,
Cottidae,Cottus perplexus,Cottus perplexus,1,1,1,0,1,1,1,1,0,1,1,1,1,,,,
Cottidae,Cottus pitensis,Cottus pitensis,1,1,1,0,1,1,1,1,0,1,1,1,1,,,,
Cottidae,Cottus princeps,Cottus princeps,1,1,1,0,1,1,1,1,0,1,1,1,1,,,,
Cottidae,Cottus rhotheus,Cottus rhotheus,1,1,1,0,1,1,1,1,0,1,1,1,1,,,,
Cottidae,Cottus ricei,Cottus ricei,1,1,1,0,1,1,1,1,0,1,1,1,1,,,,
Cottidae,Myoxocephalus thompsonii,Myoxocephalus thompsonii,1,1,1,0,1,1,1,1,0,1,1,1,1,,,,
Cottidae,Paracottus knerii,Paracottus knerii,1,1,1,0,1,1,1,1,0,1,1,1,1,,,,
Cynoglossidae,Paraplagusia bilineata,Paraplagusia bilineata,1,0,0,0,1,1,0,1,0,1,1,1,1,,,,
Cyprinidae,Aztecula sallaei,Aztecula sallaei,1,0,0,0,1,1,1,1,0,1,1,1,1,,,,
Cyprinidae,Campostoma anomalum,Campostoma anomalum,1,0,0,0,1,1,1,1,1,1,1,1,1,,,,
Cyprinidae,Campostoma anomalum,Campostoma anomalum,1,0,0,0,1,1,1,1,1,1,1,1,1,,,,
Cyprinidae,Carassius auratus,Carassius auratus,1,0,0,0,1,1,1,1,1,1,1,1,1,,,,
Cyprinidae,Carassius carassius,Carassius carassius,1,0,0,0,1,1,1,1,0,1,1,1,1,,,,
Cyprinidae,Clinostomus elongatus,Clinostomus elongatus,1,0,0,0,1,1,1,1,0,1,1,1,1,,,,
Cyprinidae,Clinostomus funduloides,Clinostomus funduloides,1,0,0,0,1,1,1,1,0,1,1,1,1,,,,
Cyprinidae,Codoma ornata,Codoma ornata,1,0,0,0,1,1,1,1,0,1,1,1,1,,,,
Cyprinidae,Ctenopharyngodon idella,Ctenopharyngodon idella,1,0,0,0,1,1,1,1,0,1,1,1,1,,,,
Cyprinidae,Cyprinella analostana,Cyprinella analostana,1,0,0,0,1,1,1,1,NA,1,1,1,1,,,,
Cyprinidae,Cyprinella caerulea,Cyprinella caerulea,1,0,0,0,1,1,1,1,NA,1,1,1,1,,,,
Cyprinidae,Cyprinella callisema,Cyprinella callisema,1,0,0,0,1,1,1,1,NA,1,1,1,1,,,,
Cyprinidae,Cyprinella callistia,Cyprinella callistia,1,0,0,0,1,1,1,1,NA,1,1,1,1,,,,
Cyprinidae,Cyprinella callitaenia,Cyprinella callitaenia,1,0,0,0,1,1,1,1,NA,1,1,1,1,,,,
Cyprinidae,Cyprinella camura,Cyprinella camura,1,0,0,0,1,1,1,1,NA,1,1,1,1,,,,
Cyprinidae,Cyprinella chloristia,Cyprinella chloristia,1,0,0,0,1,1,1,1,NA,1,1,1,1,,,,
Cyprinidae,Cyprinella formosa,Cyprinella formosa,1,0,0,0,1,1,1,1,NA,1,1,1,1,,,,
Cyprinidae,Cyprinella galactura,Cyprinella galactura,1,0,0,0,1,1,1,1,NA,1,1,1,1,,,,
Cyprinidae,Cyprinella garmani,Cyprinella garmani,1,0,0,0,1,1,1,1,NA,1,1,1,1,,,,
Cyprinidae,Cyprinella gibbsi,Cyprinella gibbsi,1,0,0,0,1,1,1,1,NA,1,1,1,1,,,,
Cyprinidae,Cyprinella labrosa,Cyprinella labrosa,1,0,0,0,1,1,1,1,NA,1,1,1,1,,,,
Cyprinidae,Cyprinella lutrensis,Cyprinella lutrensis,1,0,0,0,1,1,1,1,NA,1,1,1,1,,,,
Cyprinidae,Cyprinella nivea,Cyprinella nivea,1,0,0,0,1,1,1,1,NA,1,1,1,1,,,,
Cyprinidae,Cyprinella panarcys,Cyprinella panarcys,1,0,0,0,1,1,1,1,NA,1,1,1,1,,,,
Cyprinidae,Cyprinella proserpina,Cyprinella proserpina,1,0,0,0,1,1,1,1,NA,1,1,1,1,,,,
Cyprinidae,Cyprinella pyrrhomelas,Cyprinella pyrrhomelas,1,0,0,0,1,1,1,1,NA,1,1,1,1,,,,
Cyprinidae,Cyprinella rutila,Cyprinella rutila,1,0,0,0,1,1,1,1,NA,1,1,1,1,,,,
Cyprinidae,Cyprinella spiloptera,Cyprinella spiloptera,1,0,0,0,1,1,1,1,NA,1,1,1,1,,,,
Cyprinidae,Cyprinella trichroistia,Cyprinella trichroistia,1,0,0,0,1,1,1,1,NA,1,1,1,1,,,,
Cyprinidae,Cyprinella venusta,Cyprinella venusta,1,0,0,0,1,1,1,1,NA,1,1,1,1,,,,
Cyprinidae,Cyprinella whipplei,Cyprinella whipplei,1,0,0,0,1,1,1,1,NA,1,1,1,1,,,,
Cyprinidae,Cyprinella xanthicara,Cyprinella xanthicara,1,0,0,0,1,1,1,1,NA,1,1,1,1,,,,
Cyprinidae,Cyprinus carpio,Cyprinus carpio,1,,,0,1,1,1,1,1,1,1,1,1,,,,
Cyprinidae,Erimonax monachus,Erimonax monachus,1,0,0,0,1,1,1,1,0,1,1,1,1,,,,
Cyprinidae,Exoglossum maxillingua,Exoglossum maxillingua,1,0,0,0,1,1,1,1,0,1,1,1,1,,,,
Cyprinidae,Gila atraria,Gila atraria,1,0,0,0,1,1,1,1,NA,1,1,1,1,,,,
Cyprinidae,Gila bicolor,Gila bicolor,1,0,0,0,1,1,1,1,NA,1,1,1,1,,,,
Cyprinidae,Gila nigrescens,Gila nigrescens,1,0,0,0,1,1,1,1,NA,1,1,1,1,,,,
Cyprinidae,Gila pandora,Gila pandora,1,0,0,0,1,1,1,1,1,1,1,1,1,,,,
Cyprinidae,Gila pulchra,Gila pulchra,1,0,0,0,1,1,1,1,1,1,1,1,1,,,,
Cyprinidae,Hybognathus hankinsoni,Hybognathus hankinsoni,1,0,0,0,1,1,1,1,1,1,1,1,1,,,,
Cyprinidae,Hybognathus hankinsoni,Hybognathus hankinsoni,1,0,0,0,1,1,1,1,1,1,1,1,1,,,,
Cyprinidae,Hybognathus nuchalis,Hybognathus nuchalis,1,0,0,0,1,1,1,1,1,1,1,1,1,,,,
Cyprinidae,Hybognathus nuchalis,Hybognathus nuchalis,1,0,0,0,1,1,1,1,1,1,1,1,1,,,,
Cyprinidae,Hybopsis amblops,Hybopsis amblops,1,0,0,0,1,1,1,1,0,1,1,1,1,,,,
Cyprinidae,Hybopsis amblops,Hybopsis amblops,1,0,0,0,1,1,1,1,0,1,1,1,1,,,,
Cyprinidae,Hybopsis amnis,Hybopsis amnis,1,0,0,0,1,1,1,1,0,1,1,1,1,,,,
Cyprinidae,Hybopsis hypsinotus,Hybopsis hypsinotus,1,0,0,0,1,1,1,1,0,1,1,1,1,,,,
Cyprinidae,Hypophthalmichthys molitrix,Hypophthalmichthys molitrix,1,0,0,0,1,1,1,1,0,1,1,1,1,,,,
Cyprinidae,Luxilus albeolus,Luxilus albeolus,1,0,0,0,1,1,1,1,0,1,1,1,1,,,,
Cyprinidae,Luxilus cardinalis,Luxilus cardinalis,1,0,0,0,1,1,1,1,0,1,1,1,1,,,,
Cyprinidae,Luxilus cerasinus,Luxilus cerasinus,1,0,0,0,1,1,1,1,0,1,1,1,1,,,,
Cyprinidae,Luxilus chrysocephalus,Luxilus chrysocephalus,1,0,0,0,1,1,1,1,0,1,1,1,1,,,,
Cyprinidae,Luxilus coccogenis,Luxilus coccogenis,1,0,0,0,1,1,1,1,0,1,1,1,1,,,,
Cyprinidae,Luxilus cornutus,Luxilus cornutus,1,0,0,0,1,1,1,1,0,1,1,1,1,,,,
Cyprinidae,Luxilus pilsbryi,Luxilus pilsbryi,1,0,0,0,1,1,1,1,0,1,1,1,1,,,,
Cyprinidae,Luxilus zonatus,Luxilus zonatus,1,0,0,0,1,1,1,1,0,1,1,1,1,,,,
Cyprinidae,Luxilus zonistius,Luxilus zonistius,1,0,0,0,1,1,1,1,0,1,1,1,1,,,,
Cyprinidae,Lythrurus ardens,Lythrurus ardens,1,0,0,0,1,1,1,1,0,1,1,1,1,,,,
Cyprinidae,Lythrurus atrapiculus,Lythrurus atrapiculus,1,0,0,0,1,1,1,1,0,1,1,1,1,,,,
Cyprinidae,Lythrurus bellus,Lythrurus bellus,1,0,0,0,1,1,1,1,0,1,1,1,1,,,,
Cyprinidae,Lythrurus fasciolaris,Lythrurus fasciolaris,1,0,0,0,1,1,1,1,0,1,1,1,1,,,,
Cyprinidae,Lythrurus fumeus,Lythrurus fumeus,1,0,0,0,1,1,1,1,0,1,1,1,1,,,,
Cyprinidae,Lythrurus lirus,Lythrurus lirus,1,0,0,0,1,1,1,1,0,1,1,1,1,,,,
Cyprinidae,Lythrurus matutinus,Lythrurus matutinus,1,0,0,0,1,1,1,1,0,1,1,1,1,,,,
Cyprinidae,Lythrurus roseipinnis,Lythrurus roseipinnis,1,0,0,0,1,1,1,1,0,1,1,1,1,,,,
Cyprinidae,Lythrurus snelsoni,Lythrurus snelsoni,1,0,0,0,1,1,1,1,0,1,1,1,1,,,,
Cyprinidae,Lythrurus umbratilis,Lythrurus umbratilis,1,0,0,0,1,1,1,1,0,1,1,1,1,,,,
Cyprinidae,Macrhybopsis storeriana,Macrhybopsis storeriana,1,0,0,0,1,1,1,1,1,1,1,1,1,,,,
Cyprinidae,Mylopharyngodon piceus,Mylopharyngodon piceus,1,0,0,0,1,1,1,1,0,1,1,1,1,,,,
Cyprinidae,Nocomis biguttatus,Nocomis biguttatus,1,0,0,0,1,1,1,1,1,1,1,1,1,,,,
Cyprinidae,Nocomis leptocephalus,Nocomis leptocephalus,1,0,0,0,1,1,1,1,1,1,1,1,1,,,,
Cyprinidae,Nocomis micropogon,Nocomis micropogon,1,0,0,0,1,1,1,1,1,1,1,1,1,,,,
Cyprinidae,Notemigonus crysoleucas,Notemigonus crysoleucas,1,0,0,0,1,1,1,1,1,1,1,1,1,,,,
Cyprinidae,Notropis aguirrepequenoi,Notropis aguirrepequenoi,1,0,0,0,1,1,1,1,0,1,1,1,1,,,,
Cyprinidae,Notropis albizonatus,Notropis albizonatus,1,0,0,0,1,1,1,1,0,1,1,1,1,,,,
Cyprinidae,Notropis alborus,Notropis alborus,1,0,0,0,1,1,1,1,0,1,1,1,1,,,,
Cyprinidae,Notropis altipinnis,Notropis altipinnis,1,0,0,0,1,1,1,1,0,1,1,1,1,,,,
Cyprinidae,Notropis amabilis,Notropis amabilis,1,0,0,0,1,1,1,1,0,1,1,1,1,,,,
Cyprinidae,Notropis ammophilus,Notropis ammophilus,1,0,0,0,1,1,1,1,0,1,1,1,1,,,,
Cyprinidae,Notropis amoenus,Notropis amoenus,1,0,0,0,1,1,1,1,0,1,1,1,1,,,,
Cyprinidae,Notropis amplamala,Notropis amplamala,1,0,0,0,1,1,1,1,0,1,1,1,1,,,,
Cyprinidae,Notropis anogenus,Notropis anogenus,1,0,0,0,1,1,1,1,0,1,1,1,1,,,,
Cyprinidae,Notropis ariommus,Notropis ariommus,1,0,0,0,1,1,1,1,0,1,1,1,1,,,,
Cyprinidae,Notropis asperifrons,Notropis asperifrons,1,0,0,0,1,1,1,1,0,1,1,1,1,,,,
Cyprinidae,Notropis atherinoides,Notropis atherinoides,1,0,0,0,1,1,1,1,0,1,1,1,1,,,,
Cyprinidae,Notropis atrocaudalis,Notropis atrocaudalis,1,0,0,0,1,1,1,1,0,1,1,1,1,,,,
Cyprinidae,Notropis aulidion,Notropis aulidion,1,0,0,0,1,1,1,1,0,1,1,1,1,,,,
Cyprinidae,Notropis baileyi,Notropis baileyi,1,0,0,0,1,1,1,1,0,1,1,1,1,,,,
Cyprinidae,Notropis bairdi,Notropis bairdi,1,0,0,0,1,1,1,1,0,1,1,1,1,,,,
Cyprinidae,Notropis bifrenatus,Notropis bifrenatus,1,0,0,0,1,1,1,1,0,1,1,1,1,,,,
Cyprinidae,Notropis blennius,Notropis blennius,1,0,0,0,1,1,1,1,0,1,1,1,1,,,,
Cyprinidae,Notropis blennius,Notropis blennius,1,0,0,0,1,1,1,1,0,1,1,1,1,,,,
Cyprinidae,Notropis boops,Notropis boops,1,0,0,0,1,1,1,1,0,1,1,1,1,,,,
Cyprinidae,Notropis boucardi,Notropis boucardi,1,0,0,0,1,1,1,1,1,1,1,1,1,,,,
Cyprinidae,Notropis braytoni,Notropis braytoni,1,0,0,0,1,1,1,1,0,1,1,1,1,,,,
Cyprinidae,Notropis buccatus,Notropis buccatus,1,0,0,0,1,1,1,1,0,1,1,1,1,,,,
Cyprinidae,Notropis buccatus,Notropis buccatus,1,0,0,0,1,1,1,1,0,1,1,1,1,,,,
Cyprinidae,Notropis buccula,Notropis buccula,1,0,0,0,1,1,1,1,0,1,1,1,1,,,,
Cyprinidae,Notropis buchanani,Notropis buchanani,1,0,0,0,1,1,1,1,0,1,1,1,1,,,,
Cyprinidae,Notropis chalybaeus,Notropis chalybaeus,1,0,0,0,1,1,1,1,0,1,1,1,1,,,,
Cyprinidae,Notropis chalybaeus,Notropis chalybaeus,1,0,0,0,1,1,1,1,0,1,1,1,1,,,,
Cyprinidae,Notropis chihuahua,Notropis chihuahua,1,0,0,0,1,1,1,1,0,1,1,1,1,,,,
Cyprinidae,Notropis chiliticus,Notropis chiliticus,1,0,0,0,1,1,1,1,0,1,1,1,1,,,,
Cyprinidae,Notropis chlorocephalus,Notropis chlorocephalus,1,0,0,0,1,1,1,1,0,1,1,1,1,,,,
Cyprinidae,Notropis chrosomus,Notropis chrosomus,1,0,0,0,1,1,1,1,0,1,1,1,1,,,,
Cyprinidae,Notropis cummingsae,Notropis cummingsae,1,0,0,0,1,1,1,1,0,1,1,1,1,,,,
Cyprinidae,Notropis dorsalis,Notropis dorsalis,1,0,0,0,1,1,1,1,0,1,1,1,1,,,,
Cyprinidae,Notropis dorsalis,Notropis dorsalis,1,0,0,0,1,1,1,1,0,1,1,1,1,,,,
Cyprinidae,Notropis edwardraneyi,Notropis edwardraneyi,1,0,0,0,1,1,1,1,0,1,1,1,1,,,,
Cyprinidae,Notropis girardi,Notropis girardi,1,0,0,0,1,1,1,1,0,1,1,1,1,,,,
Cyprinidae,Notropis greenei,Notropis greenei,1,0,0,0,1,1,1,1,0,1,1,1,1,,,,
Cyprinidae,Notropis harperi,Notropis harperi,1,0,0,0,1,1,1,1,0,1,1,1,1,,,,
Cyprinidae,Notropis heterodon,Notropis heterodon,1,0,0,0,1,1,1,1,0,1,1,1,1,,,,
Cyprinidae,Notropis heterodon,Notropis heterodon,1,0,0,0,1,1,1,1,0,1,1,1,1,,,,
Cyprinidae,Notropis heterolepis,Notropis heterolepis,1,0,0,0,1,1,1,1,0,1,1,1,1,,,,
Cyprinidae,Notropis heterolepis,Notropis heterolepis,1,0,0,0,1,1,1,1,0,1,1,1,1,,,,
Cyprinidae,Notropis hudsonius,Notropis hudsonius,1,0,0,0,1,1,1,1,0,1,1,1,1,,,,
Cyprinidae,Notropis hudsonius,Notropis hudsonius,1,0,0,0,1,1,1,1,0,1,1,1,1,,,,
Cyprinidae,Notropis hypsilepis,Notropis hypsilepis,1,0,0,0,1,1,1,1,0,1,1,1,1,,,,
Cyprinidae,Notropis jemezanus,Notropis jemezanus,1,0,0,0,1,1,1,1,0,1,1,1,1,,,,
Cyprinidae,Notropis leuciodus,Notropis leuciodus,1,0,0,0,1,1,1,1,0,1,1,1,1,,,,
Cyprinidae,Notropis longirostris,Notropis longirostris,1,0,0,0,1,1,1,1,0,1,1,1,1,,,,
Cyprinidae,Notropis lutipinnis,Notropis lutipinnis,1,0,0,0,1,1,1,1,0,1,1,1,1,,,,
Cyprinidae,Notropis maculatus,Notropis maculatus,1,0,0,0,1,1,1,1,0,1,1,1,1,,,,
Cyprinidae,Notropis mekistocholas,Notropis mekistocholas,1,0,0,0,1,1,1,1,0,1,1,1,1,,,,
Cyprinidae,Notropis melanostomus,Notropis melanostomus,1,0,0,0,1,1,1,1,0,1,1,1,1,,,,
Cyprinidae,Notropis micropteryx,Notropis micropteryx,1,0,0,0,1,1,1,1,0,1,1,1,1,,,,
Cyprinidae,Notropis nazas,Notropis nazas,1,0,0,0,1,1,1,1,0,1,1,1,1,,,,
Cyprinidae,Notropis nubilus,Notropis nubilus,1,0,0,0,1,1,1,1,0,1,1,1,1,,,,
Cyprinidae,Notropis orca,Notropis orca,1,0,0,0,1,1,1,1,0,1,1,1,1,,,,
Cyprinidae,Notropis ortenburgeri,Notropis ortenburgeri,1,0,0,0,1,1,1,1,0,1,1,1,1,,,,
Cyprinidae,Notropis oxyrhynchus,Notropis oxyrhynchus,1,0,0,0,1,1,1,1,0,1,1,1,1,,,,
Cyprinidae,Notropis ozarcanus,Notropis ozarcanus,1,0,0,0,1,1,1,1,0,1,1,1,1,,,,
Cyprinidae,Notropis percobromus,Notropis percobromus,1,0,0,0,1,1,1,1,0,1,1,1,1,,,,
Cyprinidae,Notropis perpallidus,Notropis perpallidus,1,0,0,0,1,1,1,1,0,1,1,1,1,,,,
Cyprinidae,Notropis petersoni,Notropis petersoni,1,0,0,0,1,1,1,1,0,1,1,1,1,,,,
Cyprinidae,Notropis photogenis,Notropis photogenis,1,0,0,0,1,1,1,1,0,1,1,1,1,,,,
Cyprinidae,Notropis potteri,Notropis potteri,1,0,0,0,1,1,1,1,0,1,1,1,1,,,,
Cyprinidae,Notropis procne,Notropis procne,1,0,0,0,1,1,1,1,0,1,1,1,1,,,,
Cyprinidae,Notropis rafinesquei,Notropis rafinesquei,1,0,0,0,1,1,1,1,0,1,1,1,1,,,,
Cyprinidae,Notropis rubellus,Notropis rubellus,1,0,0,0,1,1,1,1,0,1,1,1,1,,,,
Cyprinidae,Notropis rubricroceus,Notropis rubricroceus,1,0,0,0,1,1,1,1,0,1,1,1,1,,,,
Cyprinidae,Notropis rupestris,Notropis rupestris,1,0,0,0,1,1,1,1,0,1,1,1,1,,,,
Cyprinidae,Notropis sabinae,Notropis sabinae,1,0,0,0,1,1,1,1,0,1,1,1,1,,,,
Cyprinidae,Notropis saladonis,Notropis saladonis,1,0,0,0,1,1,1,1,0,1,1,1,1,,,,
Cyprinidae,Notropis scabriceps,Notropis scabriceps,1,0,0,0,1,1,1,1,0,1,1,1,1,,,,
Cyprinidae,Notropis scepticus,Notropis scepticus,1,0,0,0,1,1,1,1,0,1,1,1,1,,,,
Cyprinidae,Notropis semperasper,Notropis semperasper,1,0,0,0,1,1,1,1,0,1,1,1,1,,,,
Cyprinidae,Notropis shumardi,Notropis shumardi,1,0,0,0,1,1,1,1,0,1,1,1,1,,,,
Cyprinidae,Notropis simus,Notropis simus,1,0,0,0,1,1,1,1,0,1,1,1,1,,,,
Cyprinidae,Notropis stilbius,Notropis stilbius,1,0,0,0,1,1,1,1,0,1,1,1,1,,,,
Cyprinidae,Notropis stramineus,Notropis stramineus,1,0,0,0,1,1,1,1,0,1,1,1,1,,,,
Cyprinidae,Notropis suttkusi,Notropis suttkusi,1,0,0,0,1,1,1,1,0,1,1,1,1,,,,
Cyprinidae,Notropis telescopus,Notropis telescopus,1,0,0,0,1,1,1,1,0,1,1,1,1,,,,
Cyprinidae,Notropis texanus,Notropis texanus,1,0,0,0,1,1,1,1,0,1,1,1,1,,,,
Cyprinidae,Notropis topeka,Notropis topeka,1,0,0,0,1,1,1,1,0,1,1,1,1,,,,
Cyprinidae,Notropis uranoscopus,Notropis uranoscopus,1,0,0,0,1,1,1,1,0,1,1,1,1,,,,
Cyprinidae,Notropis volucellus,Notropis volucellus,1,0,0,0,1,1,1,1,0,1,1,1,1,,,,
Cyprinidae,Notropis wickliffi,Notropis wickliffi,1,0,0,0,1,1,1,1,0,1,1,1,1,,,,
Cyprinidae,Notropis xaenocephalus,Notropis xaenocephalus,1,0,0,0,1,1,1,1,0,1,1,1,1,,,,
Cyprinidae,Opsopoeodus emiliae,Opsopoeodus emiliae,1,0,0,0,1,1,1,1,1,1,1,1,1,,,,
Cyprinidae,Phenacobius catostomus,Phenacobius catostomus,1,0,0,0,1,1,1,1,1,1,1,1,1,,,,
Cyprinidae,Phenacobius crassilabrum,Phenacobius crassilabrum,1,0,0,0,1,1,1,1,1,1,1,1,1,,,,
Cyprinidae,Phenacobius mirabilis,Phenacobius mirabilis,1,0,0,0,1,1,1,1,1,1,1,1,1,,,,
Cyprinidae,Phenacobius teretulus,Phenacobius teretulus,1,0,0,0,1,1,1,1,1,1,1,1,1,,,,
Cyprinidae,Phenacobius uranops,Phenacobius uranops,1,0,0,0,1,1,1,1,1,1,1,1,1,,,,
Cyprinidae,Phoxinus erythrogaster,Phoxinus erythrogaster,1,0,0,0,1,1,1,1,1,1,1,1,1,,,,
Cyprinidae,Phoxinus neogaeus,Phoxinus neogaeus,1,0,0,0,1,1,1,1,1,1,1,1,1,,,,
Cyprinidae,Phoxinus neogaeus,Phoxinus neogaeus,1,0,0,0,1,1,1,1,1,1,1,1,1,,,,
Cyprinidae,Phoxinus oreas,Phoxinus oreas,1,0,0,0,1,1,1,1,1,1,1,1,1,,,,
Cyprinidae,Phoxinus phoxinus,Phoxinus phoxinus,1,0,0,0,1,1,1,1,1,1,1,1,1,,,,
Cyprinidae,Phoxinus saylori,Phoxinus saylori,1,0,0,0,1,1,1,1,0,1,1,1,1,,,,
Cyprinidae,Pimephales notatus,Pimephales notatus,1,0,0,0,1,1,1,1,0,1,1,1,1,,,,
Cyprinidae,Pimephales promelas,Pimephales promelas,1,0,0,0,1,1,1,1,0,1,1,1,1,,,,
Cyprinidae,Pimephales vigilax,Pimephales vigilax,1,0,0,0,1,1,1,1,0,1,1,1,1,,,,
Cyprinidae,Pteronotropis hubbsi,Pteronotropis hubbsi,1,0,0,0,1,1,1,1,0,1,1,1,1,,,,
Cyprinidae,Pteronotropis hypselopterus,Pteronotropis hypselopterus,1,0,0,0,1,1,1,1,0,1,1,1,1,,,,
Cyprinidae,Pteronotropis metallicus,Pteronotropis metallicus,1,0,0,0,1,1,1,1,0,1,1,1,1,,,,
Cyprinidae,Pteronotropis signipinnis,Pteronotropis signipinnis,1,0,0,0,1,1,1,1,0,1,1,1,1,,,,
Cyprinidae,Rasbora lateristriata,Rasbora lateristriata,1,0,0,0,1,1,1,1,0,1,1,1,1,,,,
Cyprinidae,Rhinichthys atratulus,Rhinichthys atratulus,1,0,0,0,1,1,1,1,1,1,1,1,1,,,,
Cyprinidae,Rhinichthys cataractae,Rhinichthys cataractae,1,0,0,0,1,1,1,1,1,1,1,1,1,,,,
Cyprinidae,Rhinichthys obtusus,Rhinichthys obtusus,1,0,0,0,1,1,1,1,1,1,1,1,1,,,,
Cyprinidae,Richardsonius balteatus,Richardsonius balteatus,1,0,0,0,1,1,1,1,0,1,1,1,1,,,,
Cyprinidae,Rutilus rutilus,Rutilus rutilus,1,0,0,0,1,1,1,1,0,1,1,1,1,,,,
Cyprinidae,Rutilus rutilus,Rutilus rutilus,1,0,0,0,1,1,1,1,0,1,1,1,1,,,,
Cyprinidae,Scardinius erythrophthalmus,Scardinius erythrophthalmus,1,0,0,0,1,1,1,1,0,1,1,1,1,,,,
Cyprinidae,Semotilus atromaculatus,Semotilus atromaculatus,1,0,0,0,1,1,1,1,0,1,1,1,1,,,,
Cyprinidae,Tinca tinca,Tinca tinca,1,0,0,0,1,1,1,1,1,1,1,1,1,,,,
Cyprinodontidae,Cyprinodon bifasciatus,Cyprinodon bifasciatus,1,0,0,0,1,1,1,1,0,1,1,1,1,,,,
Cyprinodontidae ,Floridichthys carpio,Floridichthys carpio,1,0,0,0,1,1,1,1,0,1,1,1,1,,,,
Dorosomatidae,Dorosoma cepedianum,Dorosoma cepedianum,1,0,0,0,1,1,1,1,0,1,1,1,1,,,,
Dorosomatidae,Dorosoma petenense,Dorosoma petenense,1,0,0,0,1,1,1,1,0,1,1,1,1,,,,
Dorosomatidae,Dorosoma smithi,Dorosoma smithi,1,0,0,0,1,1,1,1,0,1,1,1,1,,,,
Dorosomatidae,Escualosa thoracata,Escualosa thoracata,1,0,0,0,1,1,1,1,0,1,1,1,1,,,,
Dorosomatidae,Herklotsichthys dispilonotus,Herklotsichthys dispilonotus,1,0,0,0,1,1,1,1,0,1,1,1,1,,,,
Dorosomatidae,Hilsa kelee,Hilsa kelee,1,0,0,0,1,1,1,1,0,1,1,1,1,,,,
Dorosomatidae,Sardinella albella,Sardinella albella,1,0,0,0,1,1,1,1,0,1,1,1,1,,,,
Dorosomatidae,Sardinella gibbosa,Sardinella gibbosa,1,0,0,0,1,1,1,1,0,1,1,1,1,,,,
Dorosomatidae,Sardinella lemuru,Sardinella lemuru,1,0,0,0,1,1,1,1,0,1,1,1,1,,,,
Dorosomatidae ,Nematalosa come,Nematalosa come,1,0,0,0,1,1,1,1,0,1,1,1,1,,,,
Dussumieriidae,Dussumieria elopsoides,Dussumieria elopsoides,1,0,0,0,1,1,1,1,0,1,1,1,1,,,,
Engraulidae,Coilia lindmani,Coilia lindmani,1,0,0,0,1,1,1,1,0,1,1,1,1,,,,
Engraulidae,Encrasicholina heteroloba,Encrasicholina heteroloba,1,0,0,0,1,1,1,1,0,1,1,1,1,,,,
Engraulidae,Encrasicholina punctifer,Encrasicholina punctifer,1,0,0,0,1,1,1,1,0,1,1,1,1,,,,
Engraulidae,Lycothrissa crocodilus,Lycothrissa crocodilus,1,0,0,0,1,1,1,1,0,1,1,1,1,,,,
Engraulidae,Setipinna taty,Setipinna taty,1,0,0,0,1,1,1,1,0,1,1,1,1,,,,
Engraulidae,Setipinna tenuifilis,Setipinna tenuifilis,1,0,0,0,1,1,1,1,0,1,1,1,1,,,,
Engraulidae,Stolephorus chinensis,Stolephorus chinensis,1,0,0,0,1,1,1,1,0,1,1,1,1,,,,
Engraulidae,Stolephorus commersonnii,Stolephorus commersonnii,1,0,0,0,1,1,1,1,0,1,1,1,1,,,,
Engraulidae,Stolephorus indicus,Stolephorus indicus,1,0,0,0,1,1,1,1,0,1,1,1,1,,,,
Engraulidae,Stolephorus waitei,Stolephorus waitei,1,0,0,0,1,1,1,1,0,1,1,1,1,,,,
Engraulidae,Thryssa baelama,Thryssa baelama,1,0,0,0,1,1,1,1,0,1,1,1,1,,,,
Engraulidae,Thryssa chefuensis,Thryssa chefuensis,1,0,0,0,1,1,1,1,0,1,1,1,1,,,,
Engraulidae,Thryssa dussumieri,Thryssa dussumieri,1,0,0,0,1,1,1,1,0,1,1,1,1,,,,
Engraulidae,Thryssa hamiltonii,Thryssa hamiltonii,1,0,0,0,1,1,1,1,0,1,1,1,1,,,,
Engraulidae,Thryssa kammalensis,Thryssa kammalensis,1,0,0,0,1,1,1,1,0,1,1,1,1,,,,
Engraulidae,Thryssa setirostris,Thryssa setirostris,1,0,0,0,1,1,1,1,0,1,1,1,1,,,,
Engraulidae,Thryssa spinidens,Thryssa spinidens,1,0,0,0,1,1,1,1,0,1,1,1,1,,,,
Esocidae,Esox americanus,Esox americanus,1,0,0,0,1,1,1,1,0,1,1,1,1,,,,
Esocidae,Esox lucius,Esox lucius,1,0,0,0,1,1,1,1,0,1,1,1,1,,,,
Esocidae,Esox masquinongy,Esox masquinongy,1,0,0,0,1,1,1,1,0,1,1,1,1,,,,
Esocidae,Esox niger,Esox niger,1,0,0,0,1,1,1,1,0,1,1,1,1,,,,
Esociformes,Umbra limi,Umbra limi,1,0,0,0,1,1,1,1,0,1,1,1,1,,,,
ETMOPTERIDAE,Trigonognathus kabeyai,Trigonognathus kabeyai,1,1,1,0,1,1,1,1,0,1,1,1,1,,,,
Fundulidae,Adinia xenica,Adinia xenica,1,0,0,0,1,1,1,1,0,1,1,1,1,,,,
Fundulidae,Fundulus catenatus,Fundulus catenatus,1,0,0,0,1,1,1,1,0,1,1,1,1,,,,
Fundulidae,Fundulus confluentus,Fundulus confluentus,1,0,0,0,1,1,1,1,0,1,1,1,1,,,,
Fundulidae,Fundulus diaphanus,Fundulus diaphanus,1,0,0,0,1,1,1,1,0,1,1,1,1,,,,
Fundulidae,Fundulus dispar,Fundulus dispar,1,0,0,0,1,1,1,1,0,1,1,1,1,,,,
Fundulidae,Fundulus escambiae,Fundulus escambiae,1,0,0,0,1,1,1,1,0,1,1,1,1,,,,
Fundulidae,Fundulus heteroclitus,Fundulus heteroclitus,1,0,0,0,1,1,1,1,0,1,1,1,1,,,,
Fundulidae,Fundulus kansae,Fundulus kansae,1,0,0,0,1,1,1,1,0,1,1,1,1,,,,
Fundulidae,Fundulus lineolatus,Fundulus lineolatus,1,0,0,0,1,1,1,1,0,1,1,1,1,,,,
Fundulidae,Fundulus majalis,Fundulus majalis,1,0,0,0,1,1,1,1,0,1,1,1,1,,,,
Fundulidae,Fundulus notatus,Fundulus notatus,1,0,0,0,1,1,1,1,0,1,1,1,1,,,,
Fundulidae,Fundulus olivaceus,Fundulus olivaceus,1,0,0,0,1,1,1,1,0,1,1,1,1,,,,
Fundulidae,Fundulus persimilis,Fundulus persimilis,1,0,0,0,1,1,1,1,0,1,1,1,1,,,,
Fundulidae,Fundulus pulvereus,Fundulus pulvereus,1,0,0,0,1,1,1,1,0,1,1,1,1,,,,
Fundulidae,Fundulus sciadicus,Fundulus sciadicus,1,0,0,0,1,1,1,1,0,1,1,1,1,,,,
Fundulidae,Fundulus seminolis,Fundulus seminolis,1,0,0,0,1,1,1,1,0,1,1,1,1,,,,
Fundulidae,Fundulus similis,Fundulus similis,1,0,0,0,1,1,1,1,0,1,1,1,1,,,,
Fundulidae,Fundulus stellifer,Fundulus stellifer,1,0,0,0,1,1,1,1,0,1,1,1,1,,,,
Fundulidae,Fundulus waccamensis,Fundulus waccamensis,1,0,0,0,1,1,1,1,0,1,1,1,1,,,,
Fundulidae,Fundulus zebrinus,Fundulus zebrinus,1,0,0,0,1,1,1,1,0,1,1,1,1,,,,
Gasterosteidae,Apeltes quadracus,Apeltes quadracus,1,0,0,0,1,1,1,1,0,1,1,1,1,,,,
Gasterosteidae,Culaea inconstans,Culaea inconstans,1,0,0,0,1,1,1,1,0,1,1,1,1,,,,
Gasterosteidae,Gasterosteus aculeatus,Gasterosteus aculeatus,1,0,0,0,1,1,1,0 and 1,0,1,1,1,1,,,,
Gasterosteidae,Pungitius pungitius,Pungitius pungitius,1,0,0,0,1,1,1,1,0,1,1,1,1,,,,
Gobiidae,Neogobius fluviatilis,Neogobius fluviatilis,1,1,1,0,1,1,1,1,0,1,1,1,1,,,,
Gobiidae,Neogobius gymnotrachelus,Neogobius gymnotrachelus,1,1,1,0,1,1,1,1,0,1,1,1,1,,,,
Gobiidae,Neogobius kessleri,Neogobius kessleri,1,1,1,0,1,1,1,1,0,1,1,1,1,,,,
Gobiidae,Neogobius melanostomus,Neogobius melanostomus,1,1,1,0,1,1,1,1,0,1,1,1,1,,,,
Gobiidae,Neogobius ratan,Neogobius ratan,1,1,1,0,1,1,1,1,0,1,1,1,1,,,,
Gobiidae,Pomatoschistus marmoratus,Pomatoschistus marmoratus,1,0,0,0,1,1,1,1,0,1,1,1,1,,,,
Gobiidae,Proterorhinus marmoratus,Proterorhinus marmoratus,1,0,0,0,1,1,1,1,0,1,1,1,1,,,,
Gobiidae,Proterorhinus semilunaris,Proterorhinus semilunaris,1,0,0,0,1,1,1,1,0,1,1,1,1,,,,
Hemiramphidae ,Hyporhamphus dussumieri,Hyporhamphus dussumieri,1,0,0,0,1,1,1,1,0,1,1,1,1,,,,
Heptapteridae,Imparfinis guttatus,Imparfinis guttatus,1,0,0,1 and 0,1,1,1,1,1,1,1,1,1,,,,
Hiodontidae,Hiodon alosoides,Hiodon alosoides,1,0,0,0,1,1,1,1,0,1,1,1,1,,,,
Hiodontidae,Hiodon tergisus,Hiodon tergisus,1,0,0,0,1,1,1,1,0,1,1,1,1,,,,
Hoplichthyidae,Hoplichthys regani,Hoplichthys regani,1,1,1,0,1,1,1,1,0,1,1,1,1,,,,
Howellidae,Bathysphyraenops simplex,Bathysphyraenops simplex,1,1,1,0,1,1,1,1,0,1,1,1,1,,,,
Ictaluridae,Ameiurus catus,Ameiurus catus,1,0,0,1,1,1,1,1,1,1,1,1,1,,,,
Ictaluridae,Ameiurus melas,Ameiurus melas,1,0,0,1,1,1,1,1,1,1,1,1,1,,,,
Ictaluridae,Ameiurus natalis,Ameiurus natalis,1,0,0,1,1,1,1,1,1,1,1,1,1,,,,
Ictaluridae,Ictalurus furcatus,Ictalurus furcatus,1,0,0,1,1,1,1,1,1,1,1,1,1,,,,
Ictaluridae,Ictalurus punctatus,Ictalurus punctatus,1,0,0,1 and 0,1,1,1,1,1,1,1,1,1,,,,
Ictaluridae,Noturus albater,Noturus albater,1,0,0,1,1,1,1,1,1,1,1,1,1,,,,
Ictaluridae,Noturus elegans,Noturus elegans,1,0,0,1,1,1,1,1,1,1,1,1,1,,,,
Ictaluridae,Noturus eleutherus,Noturus eleutherus,1,0,0,1,1,1,1,1,1,1,1,1,1,,,,
Ictaluridae,Noturus exilis,Noturus exilis,1,0,0,1,1,1,1,1,1,1,1,1,1,,,,
Ictaluridae,Noturus fasciatus,Noturus fasciatus,1,0,0,1,1,1,1,1,1,1,1,1,1,,,,
Ictaluridae,Noturus flavater,Noturus flavater,1,0,0,1,1,1,1,1,1,1,1,1,1,,,,
Ictaluridae,Noturus flavipinnis,Noturus flavipinnis,1,0,0,1,1,1,1,1,1,1,1,1,1,,,,
Ictaluridae,Noturus flavus,Noturus flavus,1,0,0,1,1,1,1,1,1,1,1,1,1,,,,
Ictaluridae,Noturus funebris,Noturus funebris,1,0,0,1,1,1,1,1,1,1,1,1,1,,,,
Ictaluridae,Noturus furiosus,Noturus furiosus,1,0,0,1,1,1,1,1,1,1,1,1,1,,,,
Ictaluridae,Noturus gilberti,Noturus gilberti,1,0,0,1,1,1,1,1,1,1,1,1,1,,,,
Ictaluridae,Noturus gladiator,Noturus gladiator,1,0,0,1,1,1,1,1,1,1,1,1,1,,,,
Ictaluridae,Noturus gyrinus,Noturus gyrinus,1,0,0,1,1,1,1,1,1,1,1,1,1,,,,
Ictaluridae,Noturus hildebrandi,Noturus hildebrandi,1,0,0,1,1,1,1,1,1,1,1,1,1,,,,
Ictaluridae,Noturus insignis,Noturus insignis,1,0,0,1,1,1,1,1,1,1,1,1,1,,,,
Ictaluridae,Noturus lachneri,Noturus lachneri,1,0,0,1,1,1,1,1,1,1,1,1,1,,,,
Ictaluridae,Noturus leptacanthus,Noturus leptacanthus,1,0,0,1,1,1,1,1,1,1,1,1,1,,,,
Ictaluridae,Noturus maydeni,Noturus maydeni,1,0,0,1,1,1,1,1,1,1,1,1,1,,,,
Ictaluridae,Noturus miurus,Noturus miurus,1,0,0,1,1,1,1,1,1,1,1,1,1,,,,
Ictaluridae,Noturus munitus,Noturus munitus,1,0,0,1,1,1,1,1,1,1,1,1,1,,,,
Ictaluridae,Noturus nocturnus,Noturus nocturnus,1,0,0,1,1,1,1,1,1,1,1,1,1,,,,
Ictaluridae,Noturus phaeus,Noturus phaeus,1,0,0,1,1,1,1,1,1,1,1,1,1,,,,
Ictaluridae,Noturus placidus,Noturus placidus,1,0,0,1,1,1,1,1,1,1,1,1,1,,,,
Ictaluridae,Noturus stigmosus,Noturus stigmosus,1,0,0,1,1,1,1,1,1,1,1,1,1,,,,
Ictaluridae,Noturus taylori,Noturus taylori,1,0,0,1,1,1,1,1,1,1,1,1,1,,,,
Ictaluridae,Noturus trautmani,Noturus trautmani,1,0,0,1,1,1,1,1,1,1,1,1,1,,,,
Ictaluridae,Pylodictis olivaris,Pylodictis olivaris,1,0,0,1 and 0,1,1,1,1,1,1,1,1,1,,,,
Kuhliidae,Kuhlia xenura,Kuhlia xenura,1,0,0,0,1,1,1,1,0,1,1,1,1,,,,
Latridae,Goniistius quadricornis,Goniistius quadricornis,1,0,0,0,1,1,1,1,0,1,1,1,1,,,,
Leiognathidae,Equulites elongatus,Equulites elongatus,1,0,0,0,1,1,1,1,0,1,1,1,1,,,,
Leiognathidae,Leiognathus berbis,Leiognathus berbis,1,0,0,0,1,1,1,1,0,1,1,1,1,,,,
Leiognathidae,Leiognathus equulus,Leiognathus equulus,1,0,0,0,1,1,1,1,0,1,1,1,1,,,,
Leiognathidae,Photopectoralis bindus,Photopectoralis bindus,1,0,0,0,1,1,1,1,0,1,1,1,1,,,,
Leiognathidae,Secutor insidiator,Secutor insidiator,1,0,0,0,1,1,1,1,0,1,1,1,1,,,,
Leiognathidae,Secutor ruconius,Secutor ruconius,1,0,0,0,1,1,1,1,0,1,1,1,1,,,,
Lepisosteidae,Atractosteus spatula,Atractosteus spatula,1,0,0,0,1,1,1,1,0,1,1,1,1,,,,
Lepisosteidae,Atractosteus tristoechus,Atractosteus tristoechus,1,0,0,0,1,1,1,1,0,1,1,1,1,,,,
Lepisosteidae,Lepisosteus oculatus,Lepisosteus oculatus,1,0,0,0,1,1,1,1,0,1,1,1,1,,,,
Lepisosteidae,Lepisosteus osseus,Lepisosteus osseus,1,0,0,0,1,1,1,1,0,1,1,1,1,,,,
Lepisosteidae,Lepisosteus platostomus,Lepisosteus platostomus,1,0,0,0,1,1,1,1,0,1,1,1,1,,,,
Lepisosteidae,Lepisosteus platyrhincus,Lepisosteus platyrhincus,1,0,0,0,1,1,1,1,0,1,1,1,1,,,,
Lestidiidae,Lestrolepis japonica,Lestrolepis japonica,1,0,0,1,1,1,1,1,0,1,1,1,1,,,,
Leuciscidae,Couesius plumbeus,Couesius plumbeus,1,0,0,0,1,1,1,1,1,1,1,1,1,,,,
Leuciscidae,Lepidomeda copei,Lepidomeda copei,1,0,0,0,1,1,1,1,NA,1,1,1,1,,,,
Leuciscidae,Leuciscus bergi,Leuciscus bergi,1,0,0,0,1,1,1,1,NA,1,1,1,1,,,,
Leuciscidae,Leuciscus cephalus,Leuciscus cephalus,1,0,0,0,1,1,1,1,NA,1,1,1,1,,,,
Leuciscidae,Leuciscus idus,Leuciscus idus,1,0,0,0,1,1,1,1,NA,1,1,1,1,,,,
Leuciscidae,Leuciscus leuciscus,Leuciscus leuciscus,1,0,0,0,1,1,1,1,NA,1,1,1,1,,,,
Leuciscidae,Margariscus margarita,Margariscus margarita,1,0,0,0,1,1,1,1,1,1,1,1,1,,,,
Leuciscidae,Phoxinus cumberlandensis,Phoxinus cumberlandensis,1,0,0,0,1,1,1,1,1,1,1,1,1,,,,
Leuciscidae,Phoxinus eos,Phoxinus eos,1,0,0,0,1,1,1,1,1,1,1,1,1,,,,
Malakichthyidae,Malakichthys elegans,Malakichthys elegans,1,1,1,0,1,1,1,1,0,1,1,1,1,,,,
Malakichthyidae,Malakichthys wakiyae,Malakichthys wakiyae,1,1,1,0,1,1,1,1,0,1,1,1,1,,,,
Monocentridae,Monocentris japonica,Monocentris japonica,1,1,1,0,1,1,1,1,0,1,1,1,1,,,,
Moronidae,Dicentrarchus labrax,Dicentrarchus labrax,1,1,1,0,1,1,1,1,0,1,1,1,1,,,,
Moronidae,Morone americana,Morone americana,1,1,1,0,1,1,1,1,0,1,1,1,1,,,,
Moronidae,Morone chrysops,Morone chrysops,1,1,1,0,1,1,1,1,0,1,1,1,1,,,,
Moronidae,Morone mississippiensis,Morone mississippiensis,1,1,1,0,1,1,1,1,0,1,1,1,1,,,,
Moronidae,Morone saxatilis,Morone saxatilis,1,1,1,0,1,1,1,1,0,1,1,1,1,,,,
Mugilidae,Chelon macrolepis,Chelon macrolepis,1,1,1,0,1,1,1,1,0,1,1,1,1,,,,
Mugilidae,Chelon subviridis,Chelon subviridis,1,1,1,0,1,1,1,1,0,1,1,1,1,,,,
Mugilidae,Crenimugil crenilabis,Crenimugil crenilabis,1,1,1,0,1,1,1,1,0,1,1,1,1,,,,
Mugilidae,Valamugil cunnesius,Valamugil cunnesius,1,1,1,0,1,1,1,1,0,1,1,1,1,,,,
Osmeridae,Allosmerus elongatus,Allosmerus elongatus,1,0,0,1,1,1,1,1,0,1,1,1,1,,,,
Osmeridae,Osmerus mordax,Osmerus mordax,1,0,0,1,1,1,1,1,0,1,1,1,1,,,,
Osmeridae,Spirinchus starksi,Spirinchus starksi,1,0,0,1,1,1,1,1,0,1,1,1,1,,,,
Osmeridae,Spirinchus thaleichthys,Spirinchus thaleichthys,1,0,0,1,1,1,1,1,0,1,1,1,1,,,,
Percidae,Etheostoma chlorosomum,Etheostoma chlorosomum,1,1,1,0,1,1,1,1,0,1,1,1,1,,,,
Percidae,Etheostoma lawrencei,Etheostoma lawrencei,1,1,1,0,1,1,1,1,0,1,1,1,1,,,,
Percidae,Etheostoma microperca,Etheostoma microperca,1,1,1,0,1,1,1,1,0,1,1,1,1,,,,
Percidae,Etheostoma nigrum,Etheostoma nigrum,1,1,1,0,1,1,1,1,0,1,1,1,1,,,,
Percidae,Etheostoma spectabile,Etheostoma spectabile,1,1,1,0,1,1,1,1,0,1,1,1,1,,,,
Percidae,Etheostoma stigmaeum,Etheostoma stigmaeum,1,1,1,0,1,1,1,1,0,1,1,1,1,,,,
Percidae,Etheostoma zonale,Etheostoma zonale,1,1,1,0,1,1,1,1,0,1,1,1,1,,,,
Percidae,Gymnocephalus baloni,Gymnocephalus baloni,1,0,0,0,1,1,1,1,0,1,1,1,1,,,,
Percidae,Gymnocephalus cernuus,Gymnocephalus cernuus,1,0,0,0,1,1,1,1,0,1,1,1,1,,,,
Percidae,Perca flavescens,Perca flavescens,1,1,1,0,1,1,1,1,0,1,1,1,1,,,,
Percidae,Perca fluviatilis,Perca fluviatilis,1,1,1,0,1,1,1,1,0,1,1,1,1,,,,
Percidae,Percina caprodes,Percina caprodes,1,1,1,0,1,1,1,1,0,1,1,1,1,,,,
Percidae,Percina evides,Percina evides,1,1,1,0,1,1,1,1,0,1,1,1,1,,,,
Percidae,Percina maculata,Percina maculata,1,1,1,0,1,1,1,1,0,1,1,1,1,,,,
Percidae,Percina phoxocephala,Percina phoxocephala,1,1,1,0,1,1,1,1,0,1,1,1,1,,,,
Percidae,Sander canadensis,Sander canadensis,1,1,1,0,1,1,1,1,0,1,1,1,1,,,,
Percidae,Sander lucioperca,Sander lucioperca,1,1,1,0,1,1,1,1,0,1,1,1,1,,1,1,0
Percidae,Sander vitreus,Sander vitreus,1,1,1,0,1,1,1,1,0,1,1,1,1,,,,
Percopsidae,Percopsis transmontana,Percopsis transmontana,1,0,0,1,1,1,1,1,0,1,1,1,1,,,,
Petromyzontidae,Petromyzon marinus,Petromyzon marinus,1,1,1,0,1,0,0,0,0,1,1,1,1,,,,
Petromyzontiformes,Ichthyomyzon castaneus,Ichthyomyzon castaneus,1,0,0,0,1,0,0,0,0,1,1,1,1,,,,
Petromyzontiformes,Ichthyomyzon gagei,Ichthyomyzon gagei,1,0,0,0,1,0,0,0,0,1,1,1,1,,,,
Petromyzontiformes,Ichthyomyzon unicuspis,Ichthyomyzon unicuspis,1,0,0,0,1,0,0,0,0,1,1,1,1,,,,
Phallostethidae,Neostethus lankesteri,Neostethus lankesteri,1,0,0,0,1,1,1,1,0,1,1,1,1,,,,
Poeciliidae,Brachyrhaphis cascajalensis,Brachyrhaphis cascajalensis,1,0,0,0,1,1,1,1,0,1,1,1,1,,,,
Poeciliidae,Brachyrhaphis parismina,Brachyrhaphis parismina,1,0,0,0,1,1,1,1,0,1,1,1,1,,,,
Poeciliidae,Gambusia affinis,Gambusia affinis,1,0,0,0,1,1,1,1,0,1,1,1,1,,,,
Poeciliidae,Gambusia alvarezi,Gambusia alvarezi,1,0,0,0,1,1,1,1,0,1,1,1,1,,,,
Poeciliidae,Gambusia amistadensis,Gambusia amistadensis,1,0,0,0,1,1,1,1,0,1,1,1,1,,,,
Poeciliidae,Gambusia atrora,Gambusia atrora,1,0,0,0,1,1,1,1,0,1,1,1,1,,,,
Poeciliidae,Gambusia eurystoma,Gambusia eurystoma,1,0,0,0,1,1,1,1,0,1,1,1,1,,,,
Poeciliidae,Gambusia gaigei,Gambusia gaigei,1,0,0,0,1,1,1,1,0,1,1,1,1,,,,
Poeciliidae,Gambusia geiseri,Gambusia geiseri,1,0,0,0,1,1,1,1,0,1,1,1,1,,,,
Poeciliidae,Gambusia georgei,Gambusia georgei,1,0,0,0,1,1,1,1,0,1,1,1,1,,,,
Poeciliidae,Gambusia heterochir,Gambusia heterochir,1,0,0,0,1,1,1,1,0,1,1,1,1,,,,
Poeciliidae,Gambusia hurtadoi,Gambusia hurtadoi,1,0,0,0,1,1,1,1,0,1,1,1,1,,,,
Poeciliidae,Gambusia longispinis,Gambusia longispinis,1,0,0,0,1,1,1,1,0,1,1,1,1,,,,
Poeciliidae,Gambusia marshi,Gambusia marshi,1,0,0,0,1,1,1,1,0,1,1,1,1,,,,
Poeciliidae,Gambusia nicaraguensis,Gambusia nicaraguensis,1,0,0,0,1,1,1,1,0,1,1,1,1,,,,
Poeciliidae,Gambusia nobilis,Gambusia nobilis,1,0,0,0,1,1,1,1,0,1,1,1,1,,,,
Poeciliidae,Gambusia panuco,Gambusia panuco,1,0,0,0,1,1,1,1,0,1,1,1,1,,,,
Poeciliidae,Gambusia regani,Gambusia regani,1,0,0,0,1,1,1,1,0,1,1,1,1,,,,
Poeciliidae,Gambusia rhizophorae,Gambusia rhizophorae,1,0,0,0,1,1,1,1,0,1,1,1,1,,,,
Poeciliidae,Gambusia senilis,Gambusia senilis,1,0,0,0,1,1,1,1,0,1,1,1,1,,,,
Poeciliidae,Gambusia sexradiata,Gambusia sexradiata,1,0,0,0,1,1,1,1,0,1,1,1,1,,,,
Poeciliidae,Gambusia vittata,Gambusia vittata,1,0,0,0,1,1,1,1,0,1,1,1,1,,,,
Poeciliidae,Neoheterandria cana,Neoheterandria cana,1,0,0,0,1,1,1,1,0,1,1,1,1,,,,
Poeciliidae,Poeciliopsis fasciata,Poeciliopsis fasciata,1,0,0,0,1,1,1,1,0,1,1,1,1,,,,
Poeciliidae,Poeciliopsis infans,Poeciliopsis infans,1,0,0,0,1,1,1,1,0,1,1,1,1,,,,
Poeciliidae,Poeciliopsis occidentalis,Poeciliopsis occidentalis,1,0,0,0,1,1,1,1,0,1,1,1,1,,,,
Poeciliidae,Priapella bonita,Priapella bonita,1,0,0,0,1,1,1,1,0,1,1,1,1,,,,
Poeciliidae ,Priapichthys caliensis,Priapichthys caliensis,1,0,0,0,1,1,1,1,0,1,1,1,1,,,,
Poeciliidae ,Priapichthys darienensis,Priapichthys darienensis,1,0,0,0,1,1,1,1,0,1,1,1,1,,,,
Polymixiidae,Polymixia berndti,Polymixia berndti,1,0,0,0,1,1,1,1,1,1,1,1,1,,,,
Pomacentridae,Abudefduf sordidus,Abudefduf sordidus,1,0,0,0,1,1,1,1,0,1,1,1,1,,,,
Pristagasteridae,Opisthopterus tardoore,Opisthopterus tardoore,1,0,0,0,1,1,1,0,0,1,1,1,1,,,,
Pristigasteridae,Ilisha melastoma,Ilisha melastoma,1,0,0,0,1,1,1,1,0,1,1,1,1,,,,
Salmonidae,Coregonus artedi,Coregonus artedi,1,0,0,1,1,1,1,1,0,1,1,1,1,,,,
Salmonidae,Coregonus nipigon,Coregonus nipigon,1,0,0,1,1,1,1,1,0,1,1,1,1,,,,
Salmonidae,Coregonus zenithicus,Coregonus zenithicus,1,0,0,1,1,1,1,1,0,1,1,1,1,,,,
Salmonidae,Oncorhynchus aguabonita,Oncorhynchus aguabonita,1,0,0,1,1,1,1,1,0,1,1,1,1,,,,
Salmonidae,Oncorhynchus clarkii,Oncorhynchus clarkii,1,0,0,1 and 0,1,1,1,1,0,1,1,1,1,,,,
Salmonidae,Oncorhynchus gorbuscha,Oncorhynchus gorbuscha,1,0,0,1,1,1,1,1,0,1,1,1,1,,,,
Salmonidae,Oncorhynchus keta,Oncorhynchus keta,1,0,0,1,1,1,1,1,0,1,1,1,1,,,,
Salmonidae,Oncorhynchus kisutch,Oncorhynchus kisutch,1,0,0,1,1,1,1,1,0,1,1,1,1,,,,
Salmonidae,Oncorhynchus mykiss,Oncorhynchus mykiss,1,0,0,1 and 0,1,1,1,1,0,1,1,1,1,,,,
Salmonidae,Oncorhynchus nerka,Oncorhynchus nerka,1,0,0,1,1,1,1,1,0,1,1,1,1,,,,
Salmonidae,Oncorhynchus tshawytscha,Oncorhynchus tshawytscha,1,0,0,1,1,1,1,1,0,1,1,1,1,,,,
Salmonidae,Prosopium cylindraceum,Prosopium cylindraceum,1,0,0,1,1,1,1,1,0,1,1,1,1,,,,
Salmonidae,Prosopium williamsoni,Prosopium williamsoni,1,0,0,1,1,1,1,1,0,1,1,1,1,,,,
Salmonidae,Salmo salar,Salmo salar,1,0,0,1,1,1,1,1,0,1,1,1,1,,,,
Salmonidae,Salmo trutta,Salmo trutta,1,0,0,1,1,1,1,1,0,1,1,1,1,,,,
Salmonidae,Salvelinus fontinalis,Salvelinus fontinalis,1,0,0,1,1,1,1,1,0,1,1,1,1,,,,
Salmonidae,Salvelinus grayi,Salvelinus grayi,1,0,0,1,1,1,1,1,0,1,1,1,1,,,,
Salmonidae,Salvelinus namaycush,Salvelinus namaycush,1,0,0,1,1,1,1,1,0,1,1,1,1,,,,
Salmonidae,Thymallus arcticus,Thymallus arcticus,1,0,0,1,1,1,1,1,0,1,1,1,1,,,,
Sciaenidae,Aplodinotus grunniens,Aplodinotus grunniens,1,0,0,0,1,1,1,1,0,1,1,1,1,,,,
Scorpaenidae,Setarches longimanus,Setarches longimanus,1,0,0,0,1,1,1,1,0,1,1,1,1,,,,
Scorpaenidae ,Ebosia bleekeri,Ebosia bleekeri,1,0,0,0,1,1,1,1,0,1,1,1,1,,,,
Serranidae,Serranus phoebe,Serranus phoebe,1,0,0,0,1,1,1,1,0,1,1,1,1,,,,
Sphyraenidae,Sphyraena barracuda,Sphyraena barracuda,1,1,1,0,1,1,1,1,0,1,1,1,1,,,,
Sphyraenidae,Sphyraena flavicauda,Sphyraena flavicauda,1,1,1,0,1,1,1,1,0,1,1,1,1,,,,
Sphyraenidae,Sphyraena jello,Sphyraena jello,1,1,1,0,1,1,1,1,0,1,1,1,1,,,,
Terapontidae,Pelates quadrilineatus,Pelates quadrilineatus,1,0,0,0,1,1,1,1,0,1,1,1,1,,,,
Terapontidae,Terapon jarbua,Terapon jarbua,1,0,0,0,1,1,1,1,0,1,1,1,1,,,,
Tetraodontidae,Takifugu alboplumbeus,Takifugu alboplumbeus,1,0,0,0,1,1,1,0,0,1,1,1,1,,,,
Tetrarogidae,Neocentropogon japonicus,Neocentropogon japonicus,1,0,0,0,1,1,1,1,0,1,1,1,1,,,,
Trachichthyidae,Aulotrachichthys prosthemius,Aulotrachichthys prosthemius,1,0,0,0,1,1,1,1,0,1,1,1,1,,,,
Trachichthyidae,Hoplostethus japonicus,Hoplostethus japonicus,1,0,0,0,1,1,1,1,0,1,1,1,1,,,,
Triacanthodidae,Parahollardia lineata,Parahollardia lineata,1,0,0,0,1,1,1,1,0,1,1,1,1,,,,
Triacanthodidae,Triacanthodes anomalus,Triacanthodes anomalus,1,0,0,1,1,1,1,1,0,1,1,1,1,,,,
Zeniontidae ,Zenion japonicum,Zenion japonicum,1,0,0,0,1,1,1,1,0,1,1,1,1,,,,